<?xml version="1.0" encoding="UTF-8"?>
<project-private xmlns="http://www.netbeans.org/ns/project-private/1">
    <editor-bookmarks xmlns="http://www.netbeans.org/ns/editor-bookmarks/2" lastBookmarkId="0"/>
    <open-files xmlns="http://www.netbeans.org/ns/projectui-open-files/2">
        <group>
            <file>file:/C:/Users/NAVJIT/Documents/NetBeansProjects/Web-1/Navjit-Kaur/public_html/js/questions.js</file>
            <file>file:/C:/Users/NAVJIT/Documents/NetBeansProjects/Web-1/Navjit-Kaur/public_html/index.html</file>
            <file>file:/C:/Users/NAVJIT/Documents/NetBeansProjects/Web-1/Navjit-Kaur/public_html/italian.html</file>
            <file>file:/C:/Users/NAVJIT/Documents/NetBeansProjects/Web-1/Navjit-Kaur/public_html/dutch.html</file>
            <file>file:/C:/Users/NAVJIT/Documents/NetBeansProjects/Web-1/Navjit-Kaur/public_html/french.html</file>
            <file>file:/C:/Users/NAVJIT/Documents/NetBeansProjects/Web-1/Navjit-Kaur/public_html/spanish.html</file>
        </group>
    </open-files>
</project-private>
